{"model": "distilroberta-base fine-tuned", "rmse": 0.7598, "mae": 0.4476, "predictions": [5.0, 3.537109375, 4.619140625, 4.541015625, 4.6171875, 4.8515625, 5.0, 5.0, 1.85302734375, 4.6171875, 3.888671875, 5.0, 5.0, 4.982421875, 4.4375, 4.96484375, 3.72265625, 5.0, 4.953125, 5.0, 1.0672607421875, 5.0, 4.767578125, 1.445068359375, 5.0, 3.9296875, 3.224609375, 4.6953125, 4.298828125, 4.99609375, 5.0, 5.0, 4.958984375, 5.0, 4.78515625, 3.87890625, 4.259765625, 4.095703125, 5.0, 4.47265625, 5.0, 5.0, 1.607421875, 3.982421875, 5.0, 5.0, 4.90625, 4.8984375, 5.0, 5.0, 4.591796875, 5.0, 4.51953125, 5.0, 4.904296875, 3.3984375, 4.9140625, 4.720703125, 5.0, 5.0, 4.51171875, 4.966796875, 3.267578125, 2.90625, 3.4140625, 3.048828125, 4.970703125, 3.22265625, 4.33203125, 4.099609375, 5.0, 4.162109375, 4.705078125, 4.96875, 5.0, 2.4423828125, 3.9609375, 5.0, 4.818359375, 5.0, 5.0, 3.0546875, 4.626953125, 4.349609375, 5.0, 4.236328125, 5.0, 4.572265625, 4.146484375, 5.0, 4.740234375, 4.962890625, 4.994140625, 5.0, 4.5078125, 4.892578125, 5.0, 4.412109375, 4.734375, 5.0, 4.978515625, 4.55078125, 4.828125, 1.6494140625, 4.869140625, 5.0, 5.0, 4.314453125, 5.0, 4.95703125, 3.646484375, 4.529296875, 4.904296875, 3.08203125, 4.185546875, 4.576171875, 4.884765625, 4.984375, 2.845703125, 4.857421875, 4.212890625, 5.0, 4.763671875, 1.6337890625, 4.84765625, 5.0, 3.357421875, 4.31640625, 5.0, 2.49609375, 4.998046875, 5.0, 5.0, 4.916015625, 4.626953125, 3.5390625, 5.0, 2.15625, 5.0, 4.634765625, 4.783203125, 4.59375, 5.0, 5.0, 3.791015625, 4.4453125, 2.1513671875, 5.0, 4.830078125, 5.0, 4.87109375, 4.9296875, 4.587890625, 5.0, 4.96875, 5.0, 5.0, 4.87890625, 5.0, 4.865234375, 4.50390625, 5.0, 3.45703125, 4.337890625, 3.24609375, 5.0, 5.0, 5.0, 1.0, 3.228515625, 4.234375, 5.0, 5.0, 5.0, 4.509765625, 5.0, 4.37109375, 5.0, 3.65234375, 4.896484375, 1.69140625, 5.0, 5.0, 2.8408203125, 3.73046875, 1.6748046875, 2.86328125, 4.853515625, 4.2109375, 5.0, 5.0, 5.0, 3.095703125, 4.966796875, 4.0234375, 5.0, 3.068359375, 4.720703125, 5.0, 5.0, 4.271484375, 5.0, 4.94921875, 5.0, 5.0, 2.7333984375, 5.0, 4.76953125, 2.8408203125, 5.0, 2.92578125, 5.0, 5.0, 4.0390625, 5.0, 3.740234375, 1.97119140625, 4.8046875, 4.78515625, 5.0, 5.0, 4.908203125, 1.58544921875, 5.0, 5.0, 4.939453125, 4.75390625, 4.92578125, 3.919921875, 4.759765625, 2.59375, 5.0, 4.779296875, 5.0, 5.0, 1.74609375, 4.302734375, 5.0, 4.259765625, 5.0, 3.50390625, 5.0, 4.033203125, 2.478515625, 4.7421875, 3.06640625, 4.833984375, 3.677734375, 5.0, 5.0, 4.642578125, 4.283203125, 4.958984375, 5.0, 1.369140625, 4.390625, 5.0, 3.205078125, 1.78759765625, 4.6875, 3.6875, 5.0, 5.0, 5.0, 5.0, 2.7294921875, 4.73046875, 4.455078125, 4.443359375, 4.98828125, 3.828125, 4.81640625, 4.8203125, 4.86328125, 4.904296875, 5.0, 4.23828125, 3.8828125, 1.190185546875, 4.640625, 5.0, 2.279296875, 5.0, 5.0, 4.794921875, 3.318359375, 2.833984375, 5.0, 4.275390625, 5.0, 4.365234375, 5.0, 5.0, 4.798828125, 5.0, 4.892578125, 5.0, 5.0, 4.9296875, 4.34765625, 5.0, 4.853515625, 5.0, 4.88671875, 4.984375, 5.0, 4.072265625, 5.0, 3.099609375, 3.474609375, 5.0, 3.33203125, 4.931640625, 4.720703125, 5.0, 4.896484375, 4.33203125, 5.0, 4.677734375, 4.908203125, 4.390625, 4.931640625, 5.0, 3.802734375, 5.0, 5.0, 5.0, 4.5390625, 4.97265625, 4.779296875, 2.537109375, 4.64453125, 5.0, 5.0, 4.583984375, 4.724609375, 5.0, 5.0, 5.0, 5.0, 5.0, 5.0, 4.935546875, 4.693359375, 4.96484375, 5.0, 3.888671875, 5.0, 5.0, 1.71728515625, 3.4609375, 4.59765625, 4.611328125, 4.78125, 4.154296875, 4.943359375, 3.24609375, 4.16015625, 5.0, 5.0, 5.0, 4.76171875, 4.89453125, 4.708984375, 4.96875, 1.7900390625, 4.869140625, 4.65625, 4.951171875, 4.92578125, 4.873046875, 5.0, 4.826171875, 3.966796875, 5.0, 4.005859375, 5.0, 5.0, 5.0, 5.0, 4.818359375, 4.861328125, 5.0, 5.0, 5.0, 5.0, 4.904296875, 5.0, 5.0, 5.0, 4.259765625, 5.0, 5.0, 5.0, 5.0, 3.5, 4.99609375, 5.0, 5.0, 4.771484375, 4.83984375, 3.64453125, 3.79296875, 1.35400390625, 4.900390625, 5.0, 5.0, 3.244140625, 5.0, 2.697265625, 5.0, 5.0, 4.73828125, 4.09765625, 4.99609375, 4.078125, 5.0, 2.9609375, 5.0, 3.083984375, 3.18359375, 4.873046875, 5.0, 5.0, 5.0, 4.29296875, 3.701171875, 5.0, 4.986328125, 5.0, 4.966796875, 3.830078125, 5.0, 3.373046875, 3.138671875, 4.427734375, 1.986328125, 1.91162109375, 4.982421875, 4.71484375, 5.0, 4.38671875, 4.916015625, 5.0, 5.0, 3.69140625, 3.25390625, 5.0, 4.427734375, 5.0, 3.224609375, 3.220703125, 4.8671875, 5.0, 5.0, 5.0, 4.328125, 3.85546875, 2.7548828125, 4.490234375, 4.10546875, 4.076171875, 4.900390625, 4.693359375, 1.869140625, 1.2666015625, 2.435546875, 5.0, 4.96484375, 4.755859375, 5.0, 3.791015625, 2.0869140625, 4.66015625, 4.982421875, 5.0, 5.0, 1.53857421875, 5.0, 5.0, 1.0, 4.603515625, 4.978515625, 4.083984375, 5.0, 4.51953125, 4.564453125, 1.25390625, 4.888671875, 2.9296875, 3.708984375, 4.255859375, 5.0, 3.359375, 4.45703125, 4.845703125, 2.072265625, 4.20703125, 3.080078125, 5.0, 4.884765625, 4.884765625, 4.42578125, 5.0, 5.0, 3.56640625, 2.3916015625, 2.099609375, 5.0, 4.068359375, 3.86328125, 4.734375, 3.703125, 5.0, 4.634765625, 3.26953125, 4.90625, 5.0, 5.0, 1.6845703125, 4.86328125, 4.361328125, 3.076171875, 5.0, 3.810546875, 2.24609375, 4.845703125, 4.2421875, 2.78125, 4.86328125, 4.896484375, 4.7109375, 5.0, 5.0, 4.0390625, 5.0, 5.0, 5.0, 2.443359375, 4.8671875, 3.703125, 4.408203125, 4.76953125, 3.5703125, 5.0, 4.931640625, 4.365234375, 4.337890625, 5.0, 1.1817626953125, 5.0, 4.904296875, 4.58203125, 2.7060546875, 4.994140625, 5.0, 5.0, 5.0, 4.73828125, 4.529296875, 4.431640625, 4.38671875, 4.751953125, 2.4150390625, 4.6953125, 3.73046875, 3.720703125, 4.595703125, 3.20703125, 4.912109375, 5.0, 5.0, 5.0, 1.2841796875, 4.15234375, 4.439453125, 5.0, 4.232421875, 1.9345703125, 4.767578125, 4.076171875, 4.01953125, 5.0, 3.916015625, 5.0, 5.0, 4.916015625, 4.7265625, 4.396484375, 4.59375, 4.708984375, 3.365234375, 4.4140625, 4.060546875, 5.0, 5.0, 4.111328125, 5.0, 4.216796875, 4.68359375, 5.0, 4.951171875, 2.8564453125, 1.791015625, 4.908203125, 4.732421875, 3.712890625, 5.0, 1.55322265625, 4.94140625, 4.958984375, 4.841796875, 2.408203125, 5.0, 4.962890625, 2.912109375, 5.0, 5.0, 4.90234375, 5.0, 5.0, 5.0, 4.94921875, 4.8984375, 4.66796875, 5.0, 5.0, 5.0, 5.0, 4.14453125, 5.0, 5.0, 5.0, 5.0, 4.359375, 5.0, 4.96484375, 5.0, 5.0, 4.666015625, 1.73779296875, 4.8125, 4.318359375, 5.0, 4.12109375, 5.0, 4.875, 4.87890625, 3.642578125, 5.0, 3.93359375, 4.29296875, 3.53125, 5.0, 5.0, 5.0, 5.0, 5.0, 5.0, 4.9140625, 5.0, 4.90234375, 4.62890625, 4.064453125, 5.0, 4.0390625, 5.0, 4.83984375, 5.0, 4.833984375, 1.132080078125, 4.490234375, 4.1875, 5.0, 4.11328125, 5.0, 4.099609375, 4.576171875, 1.74072265625, 5.0, 4.75390625, 4.767578125, 2.548828125, 5.0, 4.994140625, 5.0, 5.0, 5.0, 4.826171875, 4.9375, 5.0, 5.0, 2.6982421875, 5.0, 5.0, 4.736328125, 4.712890625, 4.9765625, 3.951171875, 4.998046875, 4.85546875, 4.908203125, 4.185546875, 3.517578125, 5.0, 5.0, 3.203125, 5.0, 1.80029296875, 5.0, 5.0, 5.0, 4.8515625, 5.0, 4.82421875, 4.73046875, 2.775390625, 5.0, 5.0, 2.095703125, 4.908203125, 4.66015625, 5.0, 5.0, 4.95703125, 5.0, 3.421875, 4.953125, 5.0, 4.87109375, 5.0, 4.82421875, 4.15625, 5.0, 4.958984375, 2.87109375, 4.54296875, 4.66796875, 3.97265625, 3.251953125, 5.0, 5.0, 4.2421875, 4.435546875, 5.0, 4.822265625, 5.0, 4.42578125, 5.0, 5.0, 5.0, 2.5888671875, 4.66796875, 3.8671875, 1.978515625, 4.87109375, 4.53125, 4.19921875, 4.818359375, 5.0, 2.705078125, 4.232421875, 4.537109375, 4.744140625, 1.322509765625, 4.859375, 5.0, 4.119140625, 1.37890625, 4.765625, 5.0, 4.998046875, 4.36328125, 5.0, 5.0, 4.873046875, 4.9296875, 4.83203125, 4.958984375, 4.23046875, 4.673828125, 2.404296875, 5.0, 4.263671875, 5.0, 5.0, 5.0, 4.998046875, 5.0, 5.0, 3.087890625, 4.6640625, 5.0, 5.0, 5.0, 4.783203125, 5.0, 5.0, 4.888671875, 1.5703125, 4.517578125, 4.080078125, 5.0, 5.0, 3.849609375, 5.0, 4.29296875, 5.0, 4.98046875, 5.0, 5.0, 2.548828125, 5.0, 5.0, 4.740234375, 5.0, 4.1015625, 4.9296875, 